<?xml version="1.0" encoding="UTF-8"?>
<cities>
        <city>
            <id>1</id>
            <name>Beijing</name>
            <state>China</state>
            <population>2.1CR</population>
            <image>https://i.pravatar.cc/150?img=20</image>
        </city>
        <city>
            <id>2</id>
            <name>Shanghai</name>
            <state>China</state>
            <population>2.3cr</population>
            <image>https://i.pravatar.cc/150?img=21</image>
        </city>  
        <city>
            <id>3</id>
            <name>Chonqing</name>
            <state>China</state>
            <population>1.8cr</population>
            <image>https://i.pravatar.cc/150?img=22</image>
        </city>
    <city>
                <id>4</id>
                <name>Tianjin</name>
               <state>China</state>
                <population>2.1cr</population>
                <image>https://i.pravatar.cc/150?img=23</image>
            </city>
    <city>
                <id>5</id>
                <name>Anqing</name>
                <state>China</state>
                <population>1.2cr</population>
                <image>https://i.pravatar.cc/150?img=24</image>
            </city>
    <city>
                <id>6</id>
                <name>Fuyang</name>
                  <state>China</state>
                <population>1.2cr</population>
                <image>https://i.pravatar.cc/150?img=25</image>
            </city>
    <city>
                <id>7</id>
                <name>Hyderabad</name>
        <state>Telangana</state>
                <population>1.5cr</population>
                <image>https://i.pravatar.cc/150?img=26</image>
            </city>
    <city>
                <id>8</id>
                <name>Patna</name>
        <state>Bihar</state>
                <population>80lac</population>
                <image>https://i.pravatar.cc/150?img=27</image>
            </city>
    <city>
                <id>9</id>
                <name>Nagpur</name>
        <state>Maharastra</state>
                <population>80lac</population>
                <image>https://i.pravatar.cc/150?img=28</image>
            </city>
    <city>
                <id>10</id>
                <name>Lucknow</name>
        <state>UtterPradesh</state>
                <Population>1.2cr</Population>
                <image>https://i.pravatar.cc/150?img=29</image>
            </city>

</cities>