<?xml version="1.0" encoding="UTF-8"?>
<cities>
        <city>
            <id>1</id>
            <name>Delhi</name>
             <state>DELHI</state>
            <population>2.1CR</population>
            <image>https://source.unsplash.com/random/150%C3%972000/?delhi</image>
        </city>
        <city>
            <id>2</id>
            <name>Mumbai</name>
            <state>Maharastra</state>
            <population>2.3cr</population>
            <image>https://source.unsplash.com/random/150%C3%972000/?mumbai</image>
        </city>  
        <city>
            <id>3</id>
            <name>Chennai</name>
             <state>TamilNadu</state>
            <population>1.8cr</population>
            <image>https://source.unsplash.com/random/150%C3%972000/?chennai</image>
        </city>
        <city>
                <id>4</id>
                <name>Kolkata</name>
                 <state>WestBengal</state>
                <population>2.1cr</population>
                <image>https://source.unsplash.com/random/150%C3%972000/?kolkata</image>
            </city>
    <city>
                <id>5</id>
                <name>Bangalore</name>
                 <state>Karnataka</state>
                <population>1.2cr</population>
                <image>https://source.unsplash.com/random/150%C3%972000/?bangalore</image>
            </city>
            <city>
                <id>6</id>
                <name>Pune</name>
                <state>Maharastra</state>
                <population>1.2cr</population>
                <image>https://source.unsplash.com/random/150%C3%972000/?pune</image>
            </city>
         <city>
                <id>7</id>
                <name>Hyderabad</name>
                <state>Telangana</state>
                <population>1.5cr</population>
                <image>https://source.unsplash.com/random/150%C3%972000/?hyderabad</image>
            </city>
            <city>
                <id>8</id>
                <name>Patna</name>
                  <state>Bihar</state>
                <population>80lac</population>
                <image>https://source.unsplash.com/random/150%C3%972000/?patna</image>
            </city>
            <city>
                <id>9</id>
                <name>Nagpur</name>
                <state>Maharastra</state>
                <population>80lac</population>
                <image>https://source.unsplash.com/random/150%C3%972000/?nagpur</image>
            </city>
            <city>
                <id>10</id>
                <name>Lucknow</name>
                <state>UtterPradesh</state>
                <Population>1.2cr</Population>
                <image>https://source.unsplash.com/random/150%C3%972000/?lucknow</image>
            </city>

</cities>