<?xml version="1.0" encoding="UTF-8"?>
<users>
        <user>
            <name>nitin</name>
            <password>nitin123</password>
        </user>
        <user>
            <name>rajkumar</name>
            <password>rajkumar123</password>
        </user>  
        <user>
            <name>komal</name>
            <password>komal123</password>>
        </user>
    <user>
                <name>devendra</name>
                <password>devendra123</password>
            </user>
    <user>
                <name>aishwarya</name>
                <password>aishwarya123</password>
             </user>
    <user>
                <name>manish</name>
                <password>manish123</password>
             </user>

</users>